onset	duration	trial_type	value	sample
0.0	9.001953125	trial-001	1	0
9.001953125	9.001953125	trial-002	2	4609
18.00390625	9.001953125	trial-003	3	9218
27.005859375	9.001953125	trial-004	4	13827
36.0078125	9.001953125	trial-005	5	18436
45.009765625	9.001953125	trial-006	6	23045
54.01171875	9.001953125	trial-007	7	27654
63.013671875	9.001953125	trial-008	8	32263
72.015625	9.001953125	trial-009	9	36872
81.017578125	9.001953125	trial-010	10	41481
90.01953125	9.001953125	trial-011	11	46090
99.021484375	9.001953125	trial-012	12	50699
108.0234375	9.001953125	trial-013	13	55308
117.025390625	9.001953125	trial-014	14	59917
126.02734375	9.001953125	trial-015	15	64526
135.029296875	9.001953125	trial-016	16	69135
144.03125	9.001953125	trial-017	17	73744
153.033203125	9.001953125	trial-018	18	78353
162.03515625	9.001953125	trial-019	19	82962
171.037109375	9.001953125	trial-020	20	87571
180.0390625	9.001953125	trial-021	21	92180
189.041015625	9.001953125	trial-022	22	96789
198.04296875	9.001953125	trial-023	23	101398
207.044921875	9.001953125	trial-024	24	106007
216.046875	9.001953125	trial-025	25	110616
225.048828125	9.001953125	trial-026	26	115225
234.05078125	9.001953125	trial-027	27	119834
243.052734375	9.001953125	trial-028	28	124443
252.0546875	9.001953125	trial-029	29	129052
261.056640625	9.001953125	trial-030	30	133661
270.05859375	9.001953125	trial-031	31	138270
279.060546875	9.001953125	trial-032	32	142879
288.0625	9.001953125	trial-033	33	147488
297.064453125	9.001953125	trial-034	34	152097
306.06640625	9.001953125	trial-035	35	156706
315.068359375	9.001953125	trial-036	36	161315
324.0703125	9.001953125	trial-037	37	165924
333.072265625	9.001953125	trial-038	38	170533
342.07421875	9.001953125	trial-039	39	175142
351.076171875	9.001953125	trial-040	40	179751
360.078125	9.001953125	trial-041	41	184360
369.080078125	9.001953125	trial-042	42	188969
378.08203125	9.001953125	trial-043	43	193578
387.083984375	9.001953125	trial-044	44	198187
396.0859375	9.001953125	trial-045	45	202796
405.087890625	9.001953125	trial-046	46	207405
414.08984375	9.001953125	trial-047	47	212014
423.091796875	9.001953125	trial-048	48	216623
432.09375	9.001953125	trial-049	49	221232
441.095703125	9.001953125	trial-050	50	225841
450.09765625	9.001953125	trial-051	51	230450
459.099609375	9.001953125	trial-052	52	235059
468.1015625	9.001953125	trial-053	53	239668
477.103515625	9.001953125	trial-054	54	244277
486.10546875	9.001953125	trial-055	55	248886
495.107421875	9.001953125	trial-056	56	253495
504.109375	9.001953125	trial-057	57	258104
513.111328125	9.001953125	trial-058	58	262713
522.11328125	9.001953125	trial-059	59	267322
531.115234375	9.001953125	trial-060	60	271931
540.1171875	9.001953125	trial-061	61	276540
549.119140625	9.001953125	trial-062	62	281149
558.12109375	9.001953125	trial-063	63	285758
567.123046875	9.001953125	trial-064	64	290367
576.125	9.001953125	trial-065	65	294976
585.126953125	9.001953125	trial-066	66	299585
594.12890625	9.001953125	trial-067	67	304194
