name	type	units	low_cutoff	high_cutoff	description	sampling_frequency	status	status_description
A10~A11	SEEG	µV	0.0	256.0	StereoEEG	512.0	good	n/a
A11~A12	SEEG	µV	0.0	256.0	StereoEEG	512.0	good	n/a
A12~A13	SEEG	µV	0.0	256.0	StereoEEG	512.0	good	n/a
A13~A14	SEEG	µV	0.0	256.0	StereoEEG	512.0	good	n/a
A14~A15	SEEG	µV	0.0	256.0	StereoEEG	512.0	good	n/a
B9~B10	SEEG	µV	0.0	256.0	StereoEEG	512.0	good	n/a
B10~B11	SEEG	µV	0.0	256.0	StereoEEG	512.0	good	n/a
B11~B12	SEEG	µV	0.0	256.0	StereoEEG	512.0	good	n/a
B12~B13	SEEG	µV	0.0	256.0	StereoEEG	512.0	good	n/a
B13~B14	SEEG	µV	0.0	256.0	StereoEEG	512.0	good	n/a
B14~B15	SEEG	µV	0.0	256.0	StereoEEG	512.0	good	n/a
F7~F8	SEEG	µV	0.0	256.0	StereoEEG	512.0	good	n/a
F8~F9	SEEG	µV	0.0	256.0	StereoEEG	512.0	good	n/a
F9~F10	SEEG	µV	0.0	256.0	StereoEEG	512.0	good	n/a
F10~F11	SEEG	µV	0.0	256.0	StereoEEG	512.0	good	n/a
H1~H2	SEEG	µV	0.0	256.0	StereoEEG	512.0	good	n/a
H2~H3	SEEG	µV	0.0	256.0	StereoEEG	512.0	good	n/a
H3~H4	SEEG	µV	0.0	256.0	StereoEEG	512.0	good	n/a
H4~H5	SEEG	µV	0.0	256.0	StereoEEG	512.0	good	n/a
H5~H6	SEEG	µV	0.0	256.0	StereoEEG	512.0	good	n/a
H6~H7	SEEG	µV	0.0	256.0	StereoEEG	512.0	good	n/a
G7~G8	SEEG	µV	0.0	256.0	StereoEEG	512.0	good	n/a
G8~G9	SEEG	µV	0.0	256.0	StereoEEG	512.0	good	n/a
G9~G10	SEEG	µV	0.0	256.0	StereoEEG	512.0	good	n/a
G10~G11	SEEG	µV	0.0	256.0	StereoEEG	512.0	good	n/a
G11~G12	SEEG	µV	0.0	256.0	StereoEEG	512.0	good	n/a
K1~K2	SEEG	µV	0.0	256.0	StereoEEG	512.0	good	n/a
K2~K3	SEEG	µV	0.0	256.0	StereoEEG	512.0	good	n/a
K3~K4	SEEG	µV	0.0	256.0	StereoEEG	512.0	good	n/a
K4~K5	SEEG	µV	0.0	256.0	StereoEEG	512.0	good	n/a
K5~K6	SEEG	µV	0.0	256.0	StereoEEG	512.0	good	n/a
V1~V2	SEEG	µV	0.0	256.0	StereoEEG	512.0	good	n/a
V2~V3	SEEG	µV	0.0	256.0	StereoEEG	512.0	good	n/a
V3~V4	SEEG	µV	0.0	256.0	StereoEEG	512.0	good	n/a
V4~V5	SEEG	µV	0.0	256.0	StereoEEG	512.0	good	n/a
V9~V10	SEEG	µV	0.0	256.0	StereoEEG	512.0	good	n/a
V10~V11	SEEG	µV	0.0	256.0	StereoEEG	512.0	good	n/a
V11~V12	SEEG	µV	0.0	256.0	StereoEEG	512.0	good	n/a
S15~S16	SEEG	µV	0.0	256.0	StereoEEG	512.0	good	n/a
S16~S17	SEEG	µV	0.0	256.0	StereoEEG	512.0	good	n/a
S17~S18	SEEG	µV	0.0	256.0	StereoEEG	512.0	good	n/a
T1~T2	SEEG	µV	0.0	256.0	StereoEEG	512.0	good	n/a
T2~T3	SEEG	µV	0.0	256.0	StereoEEG	512.0	good	n/a
T3~T4	SEEG	µV	0.0	256.0	StereoEEG	512.0	good	n/a
T4~T5	SEEG	µV	0.0	256.0	StereoEEG	512.0	good	n/a
N10~N11	SEEG	µV	0.0	256.0	StereoEEG	512.0	good	n/a
N11~N12	SEEG	µV	0.0	256.0	StereoEEG	512.0	good	n/a
N12~N13	SEEG	µV	0.0	256.0	StereoEEG	512.0	good	n/a
N13~N14	SEEG	µV	0.0	256.0	StereoEEG	512.0	good	n/a
N14~N15	SEEG	µV	0.0	256.0	StereoEEG	512.0	good	n/a
N15~N16	SEEG	µV	0.0	256.0	StereoEEG	512.0	good	n/a
N16~N17	SEEG	µV	0.0	256.0	StereoEEG	512.0	good	n/a
R1~R2	SEEG	µV	0.0	256.0	StereoEEG	512.0	good	n/a
R2~R3	SEEG	µV	0.0	256.0	StereoEEG	512.0	good	n/a
R3~R4	SEEG	µV	0.0	256.0	StereoEEG	512.0	good	n/a
R4~R5	SEEG	µV	0.0	256.0	StereoEEG	512.0	good	n/a
R5~R6	SEEG	µV	0.0	256.0	StereoEEG	512.0	good	n/a
J7~J8	SEEG	µV	0.0	256.0	StereoEEG	512.0	good	n/a
J8~J9	SEEG	µV	0.0	256.0	StereoEEG	512.0	good	n/a
J9~J10	SEEG	µV	0.0	256.0	StereoEEG	512.0	good	n/a
J10~J11	SEEG	µV	0.0	256.0	StereoEEG	512.0	good	n/a
J11~J12	SEEG	µV	0.0	256.0	StereoEEG	512.0	good	n/a
L10~L11	SEEG	µV	0.0	256.0	StereoEEG	512.0	good	n/a
L11~L12	SEEG	µV	0.0	256.0	StereoEEG	512.0	good	n/a
L12~L13	SEEG	µV	0.0	256.0	StereoEEG	512.0	good	n/a
L13~L14	SEEG	µV	0.0	256.0	StereoEEG	512.0	good	n/a
L14~L15	SEEG	µV	0.0	256.0	StereoEEG	512.0	good	n/a
L15~L16	SEEG	µV	0.0	256.0	StereoEEG	512.0	good	n/a
L16~L17	SEEG	µV	0.0	256.0	StereoEEG	512.0	good	n/a
O2~O3	SEEG	µV	0.0	256.0	StereoEEG	512.0	good	n/a
O3~O4	SEEG	µV	0.0	256.0	StereoEEG	512.0	good	n/a
O4~O5	SEEG	µV	0.0	256.0	StereoEEG	512.0	good	n/a
O5~O6	SEEG	µV	0.0	256.0	StereoEEG	512.0	good	n/a
O6~O7	SEEG	µV	0.0	256.0	StereoEEG	512.0	good	n/a
O7~O8	SEEG	µV	0.0	256.0	StereoEEG	512.0	good	n/a
O8~O9	SEEG	µV	0.0	256.0	StereoEEG	512.0	good	n/a
O9~O10	SEEG	µV	0.0	256.0	StereoEEG	512.0	good	n/a
O10~O11	SEEG	µV	0.0	256.0	StereoEEG	512.0	good	n/a
O11~O12	SEEG	µV	0.0	256.0	StereoEEG	512.0	good	n/a
P4~P5	SEEG	µV	0.0	256.0	StereoEEG	512.0	good	n/a
P10~P11	SEEG	µV	0.0	256.0	StereoEEG	512.0	good	n/a
P11~P12	SEEG	µV	0.0	256.0	StereoEEG	512.0	good	n/a
P12~P13	SEEG	µV	0.0	256.0	StereoEEG	512.0	good	n/a
P13~P14	SEEG	µV	0.0	256.0	StereoEEG	512.0	good	n/a
P14~P15	SEEG	µV	0.0	256.0	StereoEEG	512.0	good	n/a
P15~P16	SEEG	µV	0.0	256.0	StereoEEG	512.0	good	n/a
P16~P17	SEEG	µV	0.0	256.0	StereoEEG	512.0	good	n/a
U1~U2	SEEG	µV	0.0	256.0	StereoEEG	512.0	good	n/a
U2~U3	SEEG	µV	0.0	256.0	StereoEEG	512.0	good	n/a
U3~U4	SEEG	µV	0.0	256.0	StereoEEG	512.0	good	n/a
U7~U8	SEEG	µV	0.0	256.0	StereoEEG	512.0	good	n/a
U8~U9	SEEG	µV	0.0	256.0	StereoEEG	512.0	good	n/a
U9~U10	SEEG	µV	0.0	256.0	StereoEEG	512.0	good	n/a
U10~U11	SEEG	µV	0.0	256.0	StereoEEG	512.0	good	n/a
U11~U12	SEEG	µV	0.0	256.0	StereoEEG	512.0	good	n/a
U12~U13	SEEG	µV	0.0	256.0	StereoEEG	512.0	good	n/a
U13~U14	SEEG	µV	0.0	256.0	StereoEEG	512.0	good	n/a
U14~U15	SEEG	µV	0.0	256.0	StereoEEG	512.0	good	n/a
Y8~Y9	SEEG	µV	0.0	256.0	StereoEEG	512.0	good	n/a
Y9~Y10	SEEG	µV	0.0	256.0	StereoEEG	512.0	good	n/a
Y14~Y15	SEEG	µV	0.0	256.0	StereoEEG	512.0	good	n/a
Y15~Y16	SEEG	µV	0.0	256.0	StereoEEG	512.0	good	n/a
Y16~Y17	SEEG	µV	0.0	256.0	StereoEEG	512.0	good	n/a
Y17~Y18	SEEG	µV	0.0	256.0	StereoEEG	512.0	good	n/a
