name	x	y	z	size
J1~J2	-11.795	-13.205	48.019999999999996	n/a
J2~J3	-12.385000000000002	-11.465	50.955	n/a
J3~J4	-12.13	-9.695	54.085	n/a
J4~J5	-11.705	-7.574999999999999	57.129999999999995	n/a
J7~J8	-14.6	0.28500000000000003	62.83	n/a
J8~J9	-15.955	2.365	64.24	n/a
J9~J10	-17.285	4.445	65.89	n/a
J10~J11	-18.55	6.585	67.92	n/a
J11~J12	-19.235	8.75	70.765	n/a
L7~L8	-21.395000000000003	-17.27	76.53	n/a
L8~L9	-23.225	-17.095	79.33500000000001	n/a
M7~M8	-28.88	-18.075	72.275	n/a
M8~M9	-31.769999999999996	-18.085	74.88	n/a
N1~N2	-5.455	-20.53	59.19	n/a
N5~N6	-14.89	-8.585	59.405	n/a
N6~N7	-17.490000000000002	-7.59	56.95	n/a
N7~N8	-19.740000000000002	-6.525	55.055	n/a
N8~N9	-21.865000000000002	-5.105	53.78	n/a
N9~N10	-23.905	-2.9250000000000003	53.235	n/a
N10~N11	-26.18	0.039999999999999925	53.455	n/a
N11~N12	-29.775	3.1350000000000002	53.225	n/a
N12~N13	-34.67	5.5	52.03	n/a
N13~N14	-39.425	7.1850000000000005	50.96	n/a
N14~N15	-43.405	9.51	50.625	n/a
N15~N16	-46.0	13.195	50.57	n/a
N16~N17	-47.335	17.015	50.155	n/a
O1~O2	-6.789999999999999	-16.755000000000003	54.480000000000004	n/a
O7~O8	-24.134999999999998	-15.75	61.3	n/a
O8~O9	-28.54	-16.325	61.655	n/a
O9~O10	-32.75	-15.7	62.595	n/a
O10~O11	-36.465	-14.495000000000001	63.84	n/a
O11~O12	-39.865	-13.280000000000001	65.34	n/a
